domain,registrant
"000.gov.au","Attorney-General's Department"
"2commando.gov.au","2nd Commando Regiment"
"aa.gov.au","National Archives of Australia"
"aacqa.gov.au","Australian Aged Care Quality Agency"
"aad.gov.au","Australian Antarctic Division"
"aaec.gov.au","Australian Nuclear Science and Technology Organisation"
"aafcans.gov.au","Army and Airforce Canteen Service"
"aao.gov.au","Australian Astronomical Observatory"
"aasb.gov.au","Australian Accounting Standards Board"
"aat.gov.au","Administrative Appeals Tribunal"
"abare.gov.au","Department of Agriculture"
"abares.gov.au","Department of Agriculture"
"abc.gov.au","Australian Broadcasting Corporation"
"abcb.gov.au","Department of Industry and Science"
"abcc.gov.au","Department of Employment"
"abf.gov.au","Department of Immigration and Border Protection"
"abr.gov.au","Australian Taxation Office"
"abs.gov.au","Australian Bureau of Statistics"
"acab.gov.au","Department of Veterans' Affairs"
"acag.gov.au","High Court of Australia"
"acc.gov.au","Department of Infrastructure and Regional Development"
"accc.gov.au","Australian Competition and Consumer Commission"
"accesstojustice.gov.au","Attorney-General's Department"
"acds.gov.au","Australian Radiation Protection and Nuclear Safety Agency"
"acecqa.gov.au","Australian Children's Education and Care Quality Authority (ACECQA)"
"acfa.gov.au","Department of Social Services"
"aciar.gov.au","Australian Centre for International Agricultural Research"
"acip.gov.au","IP Australia"
"acir.gov.au","Department of Human Services"
"aclei.gov.au","Attorney-General's Department"
"acma.gov.au","Australian Communications and Media Authority (ACMA)"
"acmc.gov.au","Department of Defence"
"acnc.gov.au","Australian Taxation Office"
"acorn.gov.au","CrimTrac Agency"
"acpc.gov.au","Department of Social Services"
"acsc.gov.au","Australian Signals Directorate"
"actc.gov.au","Australian Security Intelligence Organisation"
"activfire.gov.au","Commonwealth Scientific and Industrial Research Organisation (CSIRO)"
"adcommission.gov.au","Department of Industry and Science"
"adfc.gov.au","Department of Defence"
"adfconsumer.gov.au","Department of Defence"
"adflongtanawards.gov.au","Department of Defence"
"adreviewpanel.gov.au","Department of Industry and Science"
"adri.gov.au","National Archives of Australia"
"aec.gov.au","Australian Electoral Commission"
"aedc.gov.au","Department of Education and Training"
"aei.gov.au","Department of Education and Training"
"aemc.gov.au","Australian Energy Market Commission"
"aemi.gov.au","Attorney-General's Department"
"aer.gov.au","Australian Competition and Consumer Commission"
"afc.gov.au","Screen Australia"
"afma.gov.au","Australian Fisheries Management Authority"
"afp.gov.au","Australian Federal Police"
"afsa.gov.au","Australian Financial Security Authority"
"aftrs.gov.au","Australian Film, Television and Radio School"
"ag.gov.au","Attorney-General's Department"
"aga.gov.au","Department of the Treasury"
"agcto.gov.au","Department of Finance and Deregulation"
"agd.gov.au","Attorney-General's Department D Branch"
"agdaff.gov.au","Department of Agriculture"
"agedcare.gov.au","Department of Health"
"agedcareaustralia.gov.au","Department of Social Services"
"agedcarecommissioner.gov.au","Department of Social Services"
"agict.gov.au","Department of Finance"
"agimo.gov.au","Department of Finance"
"agln.gov.au","Australian Public Service Commission"
"agls.gov.au","National Archives of Australia"
"agmaff.gov.au","Department of Agriculture"
"agriculture.gov.au","Department of Agriculture"
"agricultureminister.gov.au","Department of Agriculture"
"agricultureparlsec.gov.au","Department of Agriculture"
"ags.gov.au","Australian Government Solicitor"
"agso.gov.au","Geoscience Australia"
"agsva.gov.au","Department of Defence"
"ahc.gov.au","Department of the Environment"
"ahl.gov.au","Aboriginal Hostels Limited"
"ahmac.gov.au","(SA) Health, Community and Disability Services Ministerial Council"
"ahpra.gov.au","Australian Health Practitioner Regulation Agency (AHPRA)"
"ahs.gov.au","Australian Hearing"
"ahtcc.gov.au","Australian Federal Police"
"ahwo.gov.au","Department of Health"
"aiatsis.gov.au","Australian Institute of Aboriginal and Torres Strait Islander Studies"
"aic.gov.au","Australian Institute of Criminology"
"aidreview.gov.au","Department of Foreign Affairs and Trade"
"aifs.gov.au","Australian Institute of Family Studies"
"aihw.gov.au","Australian Institute of Health and Welfare"
"aims.gov.au","Australian Institute of Marine Science"
"aip.gov.au","Department of Industry and Science"
"aipauthority.gov.au","Department of Industry and Science"
"aipm.gov.au","Australian Institute of Police Management"
"aipo.gov.au","IP Australia"
"air.gov.au","Fair Work Commission"
"airc.gov.au","Fair Work Commission"
"airforce.gov.au","Department of Defence"
"airforcecadets.gov.au","Department of Defence"
"airservices.gov.au","AirServices Australia"
"alburywodonga.gov.au","(NSW) Albury City Council"
"alcohol.gov.au","Department of Health"
"alrc.gov.au","Australian Law Reform Commission"
"ambassadorforageing.gov.au","Department of Social Services"
"amc.gov.au","Department of Social Services"
"amsa.gov.au","Australian Maritime Safety Authority"
"anao.gov.au","Australian National Audit Office"
"anbg.gov.au","Australian National Botanic Gardens"
"animalwelfare.gov.au","Department of Agriculture"
"anmm.gov.au","Australian National Maritime Museum"
"ano.gov.au","Airservices Australia"
"anpha.gov.au","Department of Health"
"ansto.gov.au","Australian Nuclear Science and Technology Organisation"
"antarctica.gov.au","Australian Antarctic Division"
"antidiscrimination.gov.au","Attorney-General's Department"
"antidumping.gov.au","Australian Customs and Border Protection Service"
"anzaccentenary.gov.au","Department of Veterans' Affairs"
"anzacday.gov.au","(NSW) Board of Studies NEW SOUTH WALES"
"anzacdaysite.gov.au","(NSW) Board of Studies NEW SOUTH WALES"
"anzacsite.gov.au","Department of Veterans' Affairs"
"anzlic.gov.au","Department of Communications"
"anztpa.gov.au","Therapeutic Goods Adminstration"
"aodc.gov.au","Australian Ocean Data Centre"
"aofm.gov.au","Department of the Treasury"
"apas.gov.au","Commonwealth Scientific and Industrial Research Organisation (CSIRO)"
"apcc.gov.au","Australasian Procurement and Construction Council Incorporated"
"aph.gov.au","Department of Parliamentary Services"
"apra.gov.au","Australian Prudential Regulation Authority (APRA)"
"apsc.gov.au","Australian Public Service Commission"
"apscentenaryofcanberra.gov.au","Department of Health"
"apscregistration.gov.au","Australian Public Service Commission"
"apsedii.gov.au","Australian Public Service Commission"
"apsjobs.gov.au","Australian Public Service Commission"
"apvma.gov.au","Australian Pesticides and Veterinary Medicines Authority"
"aqis.gov.au","Department of Agriculture"
"arc.gov.au","Australian Research Council"
"archivenet.gov.au","National Archives of Australia"
"arena.gov.au","Department of Industry and Science"
"aria.gov.au","Commonwealth Superannuation Corporation"
"army.gov.au","Department of Defence"
"armycadets.gov.au","Department of Defence"
"arnecc.gov.au","(NSW) Land and Property Information"
"aro.gov.au","Department of Social Services"
"arpansa.gov.au","Australian Radiation Protection and Nuclear Safety Agency"
"arpc.gov.au","Australian Reinsurance Pool Corporation"
"artbank.gov.au","Attorney-General's Department"
"artonline.gov.au","National Gallery of Australia"
"arts.gov.au","Attorney-General's Department"
"artscast.gov.au","National Gallery of Australia"
"artsshop.gov.au","National Gallery of Australia"
"asac.gov.au","Australian Bureau of Statistics"
"asada.gov.au","Australian Sports Anti-Doping Authority"
"asbc.gov.au","Department of the Treasury"
"asbestossafety.gov.au","Department of Employment"
"asc.gov.au","Australian Securities and Investments Commission"
"ascc.gov.au","Department of Employment"
"asd.gov.au","Australian Signals Directorate"
"asdmac.gov.au","Australian Sports Anti-Doping Authority"
"asic.gov.au","Australian Securities and Investments Commission"
"asio.gov.au","Australian Security Intelligence Organisation"
"asis.gov.au","Department of Foreign Affairs and Trade"
"asknow.gov.au","National Library of Australia"
"aso.gov.au","National Film and Sound Archive"
"asqa.gov.au","Australian Skills Quality Authority"
"atap.gov.au","Department of Infrastructure and Regional Development"
"ato.gov.au","Australian Taxation Office"
"atonregulators.gov.au","Australian Maritime Safety Authority"
"atsb.gov.au","Australian Transport Safety Bureau"
"atsihealthpracticeboard.gov.au","Australian Health Practitioner Regulation Agency (AHPRA)"
"attorneygeneral.gov.au","Attorney-General's Department"
"auasb.gov.au","Australian Accounting Standards Board"
"aus.gov.au","Department of Finance"
"ausaid.gov.au","Australian Agency for International Development"
"ausaidservices.gov.au","Department of Foreign Affairs and Trade"
"ausaidvolunteers.gov.au","Australian Agency for International Development"
"ausgoal.gov.au","(SA) Office of the Chief Information Officer"
"ausgovboards.gov.au","Department of Finance"
"ausindustry.gov.au","Department of Industry and Science"
"auskey.gov.au","Australian Taxation Office"
"auslig.gov.au","Australian Surveying and Land Information Group"
"auslink.gov.au","Department of Infrastructure and Regional Development"
"ausmat.gov.au","(NT) Department of Health - National Critical Care and Trauma Response Centre"
"ausncp.gov.au","Department of the Treasury"
"ausport.gov.au","Australian Sports Commission (ASC)"
"austender.gov.au","Department of Finance"
"austmus.gov.au","The Australian Museum"
"austrac.gov.au","Australian Transaction Reports and Analysis Centre"
"austrade.gov.au","Australian Trade Commission (Austrade)"
"austradeevents.gov.au","Australian Trade Commission (Austrade)"
"australia.gov.au","Department of Finance"
"australia1942.gov.au","(NSW) Board of Studies NEW SOUTH WALES"
"australiaawards.gov.au","Australian Agency for International Development"
"australiacouncil.gov.au","Australia Council"
"australiaday.gov.au","National Australia Day Council"
"australianaidvolunteers.gov.au","Department of Foreign Affairs and Trade"
"australianapprenticeships.gov.au","Department of Industry and Science"
"australianart.gov.au","National Gallery of Australia"
"australianbiography.gov.au","National Film and Sound Archive of Australia"
"australiancancertrials.gov.au","Cancer Australia"
"australianclinicaltrials.gov.au","National Health and Medical Research Council (NHMRC)"
"australianexportawards.gov.au","Australian Trade Commission (Austrade)"
"australiangovernmentbonds.gov.au","Department of the Treasury"
"australiangovernmentsolicitor.gov.au","Australian Government Solicitor"
"australianminesatlas.gov.au","Geoscience Australia"
"australianoftheyear.gov.au","National Australia Day Council"
"australianprints.gov.au","National Gallery of Australia"
"australiansatwar.gov.au","Department of Veterans' Affairs"
"australiansatwarfilmarchive.gov.au","Department of Veterans' Affairs"
"australianscholarships.gov.au","Department of Foreign Affairs and Trade"
"australiantrainingawards.gov.au","Department of Industry and Science"
"australia-unhrc.gov.au","Department of Foreign Affairs and Trade"
"australiaunlimited.gov.au","Australian Trade Commission (Austrade)"
"australia-unsc.gov.au","Department of Foreign Affairs and Trade"
"aviationcomplaints.gov.au","Civil Aviation Safety Authority"
"avo.gov.au","Australian Valuation Office"
"awbc.gov.au","Australian Wine and Brandy Corporation"
"awc.gov.au","Department of Finance"
"awdc.gov.au","Department of Finance"
"awm.gov.au","Australian War Memorial"
"awmlondon.gov.au","Department of Veterans' Affairs"
"awpa.gov.au","Department of Industry and Science"
"bankingreforms.gov.au","Department of the Treasury"
"bettertax.gov.au","Department of the Treasury"
"bioregionalassessments.gov.au","Bureau of Meteorology"
"biosecurityaustralia.gov.au","Department of Agriculture"
"biotechnologyonline.gov.au","Commonwealth Scientific and Industrial Research Organisation (CSIRO)"
"bitre.gov.au","Department of Infrastructure and Regional Development"
"bladderbowel.gov.au","Department of Social Services"
"blood.gov.au","National Blood Authority"
"bmr.gov.au","Geoscience Australia"
"boardlinks.gov.au","Department of Finance"
"bom.gov.au","Bureau of Meteorology"
"booderee.gov.au","Department of the Environment"
"border.gov.au","Department of Immigration and Border Protection"
"bpc.gov.au","Australian Customs and Border Protection Service"
"brandaustralia.gov.au","Australian Trade Commission (Austrade)"
"brc.gov.au","(QLD) Dumaresq-Barwon Border Rivers Commission"
"bree.gov.au","Department of Industry and Science"
"btre.gov.au","Department of Infrastructure and Regional Development"
"budget.gov.au","Department of the Treasury"
"buildingourfuture.gov.au","Department of Infrastructure and Regional Development"
"buildingtheeducationrevolution.gov.au","Department of Education and Training"
"bullyingnoway.gov.au","(QLD) Department of Education and Training"
"bushfirearson.gov.au","Attorney-General's Department"
"business.gov.au","Department of Industry and Science"
"businessclubaustralia.gov.au","Australian Trade Commission (Austrade)"
"cadetnet.gov.au","Department of Defence"
"caf.gov.au","(QLD) Department of the Premier and Cabinet"
"caldb.gov.au","Australian Securities and Investments Commission"
"camac.gov.au","Department of the Treasury"
"canbr.gov.au","Centre for Australian National Biodiversity Research"
"canceraustralia.gov.au","Cancer Australia"
"cancerlearning.gov.au","Cancer Australia"
"cancerscreening.gov.au","Department of Health"
"capabilitycentral.gov.au","IP Australia"
"cargosupport.gov.au","Australian Customs and Border Protection Service"
"casa.gov.au","Civil Aviation Safety Authority"
"cawcr.gov.au","Bureau of Meteorology"
"cbd.gov.au","Department of Industry and Science"
"ccaac.gov.au","Department of the Treasury"
"ccass.gov.au","Department of Social Services"
"ccc.gov.au","Attorney-General's Department"
"ccim.gov.au","Geoscience Australia"
"ccjanz.gov.au","High Court of Australia"
"cdepmanager.gov.au","Department of the Prime Minister and Cabinet"
"cdpp.gov.au","Commonwealth Director of Public Prosecutions"
"cefcexpertreview.gov.au","Department of the Treasury"
"census.gov.au","Australian Bureau of Statistics"
"centerlink.gov.au","Department of Human Services"
"centrelink.gov.au","Department of Human Services"
"cert.gov.au","Attorney-General's Department"
"cesc.gov.au","Australian Communications and Media Authority (ACMA)"
"cfr.gov.au","Reserve Bank of Australia"
"cgc.gov.au","Commonwealth Grants Commision"
"cgris.gov.au","Department of the Prime Minister and Cabinet"
"chabg.gov.au","Centre for Australian National Biodiversity Research"
"chah.gov.au","Centre for Australian National Biodiversity Research"
"challengeofchange.gov.au","Department of the Treasury"
"chemicalsecurity.gov.au","Attorney-General's Department"
"chiefscientist.gov.au","Department of Industry and Science"
"childabuseroyalcommission.gov.au","Attorney-General's Department"
"chinesemedicineboard.gov.au","Australian Health Practitioner Regulation Agency (AHPRA)"
"chiropracticboard.gov.au","Australian Health Practitioner Regulation Agency (AHPRA)"
"chowderbay.gov.au","Sydney Harbour Federation Trust"
"cip.gov.au","Critical Infrastructure Protection"
"citizenship.gov.au","Department of Immigration and Border Protection"
"classification.gov.au","Attorney-General's Department"
"cleanenergyregulator.gov.au","Clean Energy Regulator"
"climate.gov.au","Bureau of Meteorology"
"climatechange.gov.au","Department of the Environment"
"climatechangeauthority.gov.au","Department of Industry and Science"
"climatechangeinaustralia.gov.au","Commonwealth Scientific and Industrial Research Organisation (CSIRO)"
"clinicalguidelines.gov.au","National Health and Medical Research Council (NHMRC)"
"cliniciansconnect.gov.au","Department of Health"
"cmc.gov.au","Attorney-General's Department"
"coag.gov.au","Department of the Prime Minister and Cabinet"
"coagctreview.gov.au","Attorney-General's Department"
"coaghealthcouncil.gov.au","Health, Community & Disability Services Ministerial Council"
"coagreformcouncil.gov.au","Department of the Prime Minister and Cabinet"
"coagskillstaskforce.gov.au","Department of Industry and Science"
"coat.gov.au","Administrative Appeals Tribunal"
"cockatooisland.gov.au","Sydney Harbour Federation Trust"
"comb.gov.au","Commonwealth Ombudsman"
"comcar.gov.au","Department of Finance"
"comcare.gov.au","Comcare, the Safety, Rehabilitation and Compensation Commission, and the Seafarers' Safety, Rehabilitation and Compensation Authority"
"comcourts.gov.au","Family Court and Federal Circuit Court"
"comcover.gov.au","Department of Finance"
"comlaw.gov.au","Office of Parliamentary Counsel"
"commemoration.gov.au","Department of Veterans' Affairs (DVA)"
"commercialisationaustralia.gov.au","Department of Industry and Science"
"communications.gov.au","Department of Communications"
"community.gov.au","Department of Social Services"
"communitybusinesspartnership.gov.au","Department of Social Services"
"communitycabinet.gov.au","Department of the Prime Minister and Cabinet"
"communitywaterplanner.gov.au","National Health and Medical Research Council (NHMRC)"
"companioncard.gov.au","Department of Social Services"
"competitionpolicyreview.gov.au","Department of the Treasury"
"competitiontribunal.gov.au","Federal Court of Australia"
"complaints.gov.au","Commonwealth Ombudsman"
"comsuper.gov.au",ComSuper
"concussioninsport.gov.au","Australian Sports Commission"
"consulate.gov.au","Department of Foreign Affairs and Trade"
"consumer.gov.au","Department of the Treasury"
"consumerlaw.gov.au","Department of the Treasury"
"contracts.gov.au","Department of Finance"
"copyrighttribunal.gov.au","Federal Court of Australia"
"cpbr.gov.au","Centre for Australian National Biodiversity Research"
"crc.gov.au","Department of Industry and Science"
"crimecommission.gov.au","Australian Crime Commission"
"crimeprevention.gov.au","Attorney-General's Department"
"criminologyresearchcouncil.gov.au","Criminology Research Council"
"crimtrac.gov.au","CrimTrac Agency"
"crimtracportal.gov.au","CrimTrac Agency"
"crsaustralia.gov.au","CRS Australia"
"csa.gov.au","Department of Human Services"
"csanet.gov.au","Department of Human Services"
"csaonline.gov.au","Department of Human Services"
"csc.gov.au","Commonwealth Superannuation Corporation"
"cscri.gov.au","Commonwealth Superannuation Corporation (CSC)"
"csda.gov.au","Department of Human Services"
"csiro.gov.au","Commonwealth Scientific and Industrial Research Organisation (CSIRO)"
"csmac.gov.au","(SA) Health, Community and Disability Services Ministerial Council"
"css.gov.au","Commonwealth Superannuation Corporation"
"culturaldata.gov.au","Attorney-General's Department"
"customs.gov.au","Australian Customs and Border Protection Service"
"cuttingredtape.gov.au","Department of the Prime Minister and Cabinet"
"cybersafetyhelp.gov.au","Department of Communications"
"cybersafetyhelpbutton.gov.au","Department of Communications"
"cybersmart.gov.au","Australian Communications and Media Authority (ACMA)"
"daff.gov.au","Department of Agriculture"
"dan.gov.au","Department of Defence"
"data.gov.au","Department of Finance"
"dbcde.gov.au","Department of Communications"
"ddr.gov.au","Attorney-General's Department"
"deewr.gov.au","Department of Employment"
"defcen.gov.au","Australian Signals Directorate"
"defence.gov.au","Department of Defence"
"defence2020.gov.au","Department of Defence"
"defenceabusetaskforce.gov.au","Attorney-General's Department"
"defenceappeals.gov.au","Federal Court of Australia"
"defence-honours-tribunal.gov.au","Department of Defence"
"defencejobs.gov.au","Defence Force Recruiting"
"defencejobsbroadcasts.gov.au","Defence Force Recruiting"
"defencenews.gov.au","Department of Defence - Public Affairs and Corporate Communication"
"defencereservessupport.gov.au","Department of Defence"
"defenceyouth.gov.au","Department of Defence"
"deh.gov.au","Department of the Environment"
"dentalboard.gov.au","Australian Health Practitioner Regulation Agency (AHPRA)"
"design.gov.au","Department of Industry and Science"
"designs.gov.au","IP Australia"
"destinationaustralia.gov.au","National Archives of Australia"
"dfat.gov.au","Department of Foreign Affairs and Trade"
"dfrdb.gov.au","Commonwealth Superannuation Corporation"
"dfrt.gov.au","Australian Public Service Commission"
"dha.gov.au","Defence Housing Australia"
"dhoas.gov.au","Department of Veterans' Affairs"
"dhs.gov.au","Department of Human Services"
"diac.gov.au","Department of Immigration and Border Protection"
"digitalbusiness.gov.au","Department of Communications"
"digitalready.gov.au","Department of Communications"
"diplomacy.gov.au","Department of Foreign Affairs and Trade"
"directory.gov.au","Department of Finance"
"dis.gov.au","Department of Education and Training"
"disabilitycare.gov.au","National Disability Insurance Agency"
"disabilitycareaustralia.gov.au","National Disability Insurance Agency"
"disasterassist.gov.au","Attorney-General's Department"
"disc.gov.au","Department of Defence"
"dns-ok.gov.au","Australian Communications and Media Authority (ACMA)"
"doctorconnect.gov.au","Department of Health"
"dod.gov.au","Department of Defence"
"doi.gov.au","Department of Infrastructure and Regional Development"
"domainname.gov.au","Department of Finance."
"donatelife.gov.au","Australian Organ and Tissue Donation and Transplantation Authority"
"donorregister.gov.au","Department of Human Services"
"donotcall.gov.au","Australian Communications and Media Authority (ACMA)"
"donotcallregister.gov.au","Australian Communications and Media Authority (ACMA)"
"dot.gov.au","Department of Infrastructure and Regional Development"
"dotars.gov.au","Department of Infrastructure and Regional Development"
"dpm.gov.au","Department of Infrastructure and Regional Development"
"dpmc.gov.au","Department of the Prime Minister and Cabinet"
"dprwg.gov.au","(NSW) Disability Policy and Research Working Group"
"dps.gov.au","Department of Parliamentary Services"
"drinkingnightmare.gov.au","Department of Health"
"dsd.gov.au","Department of Defence"
"dsh.gov.au","Department of Veterans' Affairs"
"dss.gov.au","Department of Social Services"
"dto.gov.au","Digital Transformation Office"
"dva.gov.au","Department of Veterans' Affairs"
"dvs.gov.au","Attorney-General's Department"
"ea.gov.au","Department of the Environment"
"e-airc.gov.au","Fair Work Commission"
"easyclaim.gov.au","Department of Human Services"
"eatforhealth.gov.au","National Health and Medical Research Council (NHMRC)"
"eca.gov.au","Australian Electoral Commission"
"ecanz.gov.au","Australian Electoral Commission"
"ecensus.gov.au","Australian Bureau of Statistics"
"ecsn.gov.au","Department of Employment"
"ecsnaccess.gov.au","Department of Employment"
"edaff.gov.au","Department of Agriculture"
"education.gov.au","Department of Education and Training"
"eesharedservices.gov.au","Department of Employment"
"eex.gov.au","Department of Industry and Science"
"efic.gov.au","Export Finance and Insurance Corporation"
"ehas.gov.au","National E-Health Transition Authority"
"ehealth.gov.au","Department of Health"
"ehealthinfo.gov.au","National E-Health Transition Authority LTD"
"electioncostings.gov.au","Department of Finance"
"elections.gov.au","Australian Electoral Commission"
"em.gov.au","Attorney-General's Department"
"ema.gov.au","Attorney-General's Department"
"embassy.gov.au","Department of Foreign Affairs and Trade"
"emergencyalert.gov.au","(VIC) Department of Justice & Regulation"
"emknowledge.gov.au","Attorney-General's Department"
"employment.gov.au","Department of Employment"
"endeavourvoyages.gov.au","Australian National Maritime Museum"
"energy.gov.au","Department of Industry and Science"
"energyefficiencyopportunities.gov.au","Department of Industry and Science"
"energymadeeasy.gov.au","Australian Competition and Consumer Commission"
"energyrating.gov.au","Department of Industry and Science"
"energysecuritycouncil.gov.au","Department of the Treasury"
"energytargets.gov.au","(VIC) Essential Services Commisison"
"enterpriseconnect.gov.au","Department of Industry and Science"
"environment.gov.au","Department of the Environment"
"e-permanence.gov.au","National Archives of Australia"
"erac.gov.au","(VIC) Energy Safe Victoria"
"erin.gov.au","Department of the Environment"
"esafety.gov.au","Children's e-Safety Commissioner"
"esohealthwatch.gov.au","(VIC) Country Fire Authority"
"ewd.gov.au","Transport Certification Australia Limited"
"experiencepays.gov.au","Department of Employment"
"export.gov.au","Australian Trade Commission (Austrade)"
"exportawards.gov.au","Australian Trade Commission (Austrade)"
"exportfinance.gov.au","Export Finance and Insurance Corporation"
"fahcsia.gov.au","Department of Social Services"
"fairwork.gov.au","Department of Employment"
"families.gov.au","Department of Social Services"
"familyassist.gov.au","Department of Human Services"
"familycourt.gov.au","Family Court and Federal Circuit Court"
"familylawcourts.gov.au","Family Court and Federal Circuit Court"
"familyrelationships.gov.au","Department of Social Services"
"farmdiversity.gov.au","Rural Industries Research and Development Corporation"
"fca.gov.au","Federal Court of Australia"
"fed.gov.au","Department of Finance"
"fedcourt.gov.au","Federal Court of Australia"
"federalcircuitcourt.gov.au","Family Court and Federal Circuit Court"
"federalcourt.gov.au","Federal Court of Australia"
"federalfinancialrelations.gov.au","Department of the Treasury"
"fedlaw.gov.au","Office of Parliamentary Counsel"
"fedlink.gov.au","Department of Finance"
"ffc.gov.au","Screen Australia"
"fido.gov.au","Australian Securities and Investments Commission"
"finance.gov.au","Department of Finance"
"financeminister.gov.au","Department of Finance"
"financialliteracy.gov.au","Australian Securities and Investments Commission"
"findandconnect.gov.au","Department of Social Services"
"firb.gov.au","Department of the Treasury"
"firsthome.gov.au","(VIC) State Revenue Office Victoria"
"fish.gov.au","Fisheries Research and Development Corporation"
"fisheries.gov.au","Department of Agriculture"
"fisheriesresearch.gov.au","Fisheries Research and Development Corporation"
"fishnet.gov.au","Fisheries Research and Development Corporation"
"flb.gov.au","Australian Securities and Investments Commission"
"floodready.gov.au","(QLD) Sunshine Coast Regional Council"
"flupandemic.gov.au","Department of Health"
"fms.gov.au","Department of Social Services"
"foodhealthdialogue.gov.au","Department of Health and Ageing"
"foodlabellingreview.gov.au","Department of Health"
"foodregulation.gov.au","Department of Health and Ageing"
"foodstandards.gov.au","Foodstandards Australia New Zealand"
"foodsystemsinnovation.gov.au","Australian Centre for International Agricultural Research"
"forcenet.gov.au","Department of Defence"
"foreignaffairs.gov.au","Department of Foreign Affairs and Trade"
"foreignminister.gov.au","Department of Foreign Affairs and Trade"
"forests.gov.au","Department of Agriculture"
"forgottenaustralianshistory.gov.au","National Museum of Australia"
"foundingdocs.gov.au","Old Parliament House"
"fpdt.gov.au","Federal Court of Australia"
"frc.gov.au","Department of the Treasury"
"frdc.gov.au","Fisheries Research and Development Corporation"
"frli.gov.au","Office of Parliamentary Counsel"
"fsc.gov.au","Department of Employment"
"fsi.gov.au","Department of the Treasury"
"fta.gov.au","Department of Foreign Affairs and Trade"
"futurefund.gov.au","Future Fund Management Agency"
"fwa.gov.au","Fair Work Commission"
"fwbc.gov.au","Department of Employment"
"fwbii.gov.au","Department of Employment"
"fwc.gov.au","Fair Work Commission"
"fwo.gov.au","Department of Employment"
"ga.gov.au","Geoscience Australia"
"gabcc.gov.au","Department of the Environment"
"gallipoli.gov.au","(NSW) Board of Studies NEW SOUTH WALES"
"gana.gov.au","(SA) Government of South Australia"
"gatekeeper.gov.au","Department of Finance"
"gbrmpa.gov.au","Great Barrier Reef Marine Park Authority"
"georgesheights.gov.au","Sydney Harbour Federation Trust"
"geoscience.gov.au","Geoscience Australia"
"gg.gov.au","Office of the Official Secretary to the Governor-General"
"gist.gov.au","Department of Human Services"
"globalalumni.gov.au","Department of Education and Training"
"gold.gov.au","Department of Finance"
"govcms.gov.au","Department of Finance"
"govdex.gov.au","Department of Finance"
"governmentjobs.gov.au","Australian Public Service Commission"
"governorgeneral.gov.au","Office of the Official Secretary to the Governor-General"
"govforge.gov.au","Department of Finance"
"govmetender.gov.au","Department of Finance"
"govshare.gov.au","Department of Finance"
"govspace.gov.au","Department of Finance"
"grants.gov.au","Department of Finance"
"grantslink.gov.au","Department of Infrastructure and Regional Development"
"grdc.gov.au","Grains Research and Development Corporation"
"greenpower.gov.au","(NSW) Trade and Investment, Regional Infrastructure and Services, Department of"
"greenvehicleguide.gov.au","Department of Infrastructure and Regional Development"
"growingupinaustralia.gov.au","Australian Institute of Family Studies"
"gstdistributionreview.gov.au","Department of the Treasury"
"gtrc.gov.au","(WA) Department of Commerce"
"guaranteescheme.gov.au","Reserve Bank of Australia"
"haccmds.gov.au","Department of Social Services"
"harbourtrust.gov.au","Sydney Harbour Federation Trust"
"harmony.gov.au","Department of Social Services"
"harmonyday.gov.au","Department of Social Services"
"harvesttrail.gov.au","Department of Employment"
"hccoombscentre.gov.au","Reserve Bank of Australia"
"hcourt.gov.au","High Court of Australia"
"headlandpark.gov.au","Sydney Harbour Federation Trust"
"health.gov.au","Department of Health"
"healthdata.gov.au","Department of Health"
"healthdirect.gov.au","National Health Call Centre Network Ltd"
"healthemergency.gov.au","Department of Health"
"healthinsite.gov.au","National Health Call Centre Network Ltd"
"healthstarrating.gov.au","Department of Health"
"healthyactive.gov.au","Department of Health"
"healthyworkers.gov.au","Department of Health"
"hearingservices.gov.au","Department of Health"
"heritage.gov.au","Department of the Environment"
"hestandards.gov.au","Tertiary Education Quality and Standards Agency"
"hic.gov.au","Department of Human Services"
"highcommission.gov.au","Department of Foreign Affairs and Trade"
"highcourt.gov.au","High Court of Australia"
"highered.gov.au","Department of Education and Training"
"hihroyalcom.gov.au","Department of the Prime Minister and Cabinet"
"hmac.gov.au","(SA) Health Community and Disability Services Ministerial Council"
"hmasplatypus.gov.au","Sydney Harbour Federation Trust"
"homeinsulationroyalcommission.gov.au","Attorney-General's Department"
"horizonscanning.gov.au","Department of Health"
"hpccc.gov.au","Commonwealth Scientific and Industrial Research Organisation (CSIRO)"
"hreoc.gov.au","Australian Human Rights Commission"
"htci.gov.au","Australian Federal Police"
"humanrights.gov.au","Australian Human Rights Commission"
"humanservices.gov.au","Department of Human Services"
"hwa.gov.au","Department of Health"
"hwa2013.gov.au","Department of Health"
"hydro.gov.au","Department of Defence"
"iaa.gov.au","Migration Review Tribunal and Refugee Review Tribunal"
"iap.gov.au","Transport Certification Australia Limited"
"iasc.gov.au","Department of Infrastructure and Regional Development"
"iba.gov.au","Indigenous Business Australia"
"ic.gov.au","Department of Defence"
"ica.gov.au","Australian Communications and Media Authority (ACMA)"
"icc.gov.au","Department of the Prime Minister and Cabinet"
"icl.gov.au","(NSW) Legal Aid Commission of NSW"
"icsm.gov.au","Geoscience Australia"
"idis.gov.au","Department of Health"
"igb.gov.au","Department of Agriculture"
"igis.gov.au","Inspector General of Intelligence and Security"
"igt.gov.au","Department of the Treasury"
"ihpa.gov.au","Department of Health"
"ilc.gov.au","Indigenous Land Corporation"
"ilcorp.gov.au","Indigenous Land Corporation (ILC)"
"immi.gov.au","Department of Immigration and Border Protection"
"immigration.gov.au","Department of Immigration and Border Protection"
"immigration-bis.gov.au","Department of Immigration and Border Protection"
"immunisation.gov.au","Department of Human Services"
"independentreviewer.gov.au","Attorney-General's Department"
"independentreviewpbs.gov.au","Department of Health"
"indigenous.gov.au","Department of the Prime Minister and Cabinet"
"indigenouscareers.gov.au","Australian Public Service Commission"
"indigenousjustice.gov.au","Australian Institute of Criminology"
"indigo.gov.au","Department of the Prime Minister and Cabinet"
"industry.gov.au","Department of Industry and Science"
"infrastructure.gov.au","Department of Infrastructure and Regional Development"
"infrastructureaustralia.gov.au","Department of Infrastructure and Regional Development"
"innovated.gov.au","IP Australia"
"innovation.gov.au","Department of Industry and Science"
"intercountryadoption.gov.au","Department of Social Services"
"internationaleducation.gov.au","Department of Education and Training"
"internetbasics.gov.au","Department of Communications"
"invest.gov.au","Invest Australia"
"investaustralia.gov.au","Invest Australia"
"ipaustralia.gov.au","IP Australia"
"ips.gov.au","IPS Radio Space Services"
"itsa.gov.au","Australian Financial Security Authority"
"itsanhonour.gov.au","Department of the Prime Minister and Cabinet"
"jacc.gov.au","Department of Infrastructure and Regional Development"
"jobaccess.gov.au","Department of Social Services"
"jobactive.gov.au","Department of Employment"
"joboutlook.gov.au","Department of Employment"
"jobsboard.gov.au","Department of Employment"
"jobsearch.gov.au","Department of Employment"
"koreanroll.gov.au","Department of Veterans' Affairs"
"lakeeyrebasin.gov.au","Department of the Environment"
"landcare.gov.au","Department of Agriculture"
"law.gov.au","Office of Parliamentary Counsel"
"lccsc.gov.au","(NSW) Department of Justice"
"lebmf.gov.au","Department of the Environment"
"legislation.gov.au","Office of Parliamentary Counsel"
"licencerecognition.gov.au","Department of Industry and Science"
"licenserecognition.gov.au","Department of Industry and Science"
"literacyandnumeracy.gov.au","Department of Education and Training"
"litmus.gov.au","Attorney-Generals Department"
"liveexports.gov.au","Department of Agriculture"
"livestockexportreview.gov.au","Department of Agriculture"
"livinggreener.gov.au","Department of Industry and Science"
"livinglongerlivingbetter.gov.au","Department of Social Services"
"livingsafetogether.gov.au","Attorney-General's Department"
"lmip.gov.au","Department of Employment"
"loseweightgainlife.gov.au","Department of Health"
"lowaromaticunleaded.gov.au","Department of the Prime Minister and Cabinet"
"lwa.gov.au","Cotton Research and Development Corporation"
"macquarielighthouse.gov.au","Sydney Harbour Federation Trust"
"maff.gov.au","Department of Agriculture"
"majorcities.gov.au","Department of Infrastructure and Regional Development"
"majorprojectfacilitation.gov.au","Department of Infrastructure and Regional Development"
"managingclimate.gov.au","Grains Research and Development Corporation"
"managingnuclearwaste.gov.au","Australian Nuclear Science and Technology Organisation"
"maps.gov.au","Department of Communications"
"mara.gov.au","Department of Immigration and Border Protection"
"marinemammals.gov.au","Australian Antarctic Division"
"marinepests.gov.au","Department of Agriculture"
"marinereservesreview.gov.au","Department of Environment"
"mbsonline.gov.au","Department of Health"
"mcasd.gov.au","Department of Immigration and Border Protection"
"mdba.gov.au","Murray-Darling Basin Authority"
"measurement.gov.au","Department of Industry and Science"
"measureup.gov.au","Department of Health"
"medibankshareoffer.gov.au","Department of Finance"
"medicalboard.gov.au","Australian Health Practitioner Regulation Agency (AHPRA)"
"medicalradiationpracticeboard.gov.au","Australian Health Practitioner Regulation Agency (AHPRA)"
"medicare.gov.au","Department of Human Services"
"medicareaustralia.gov.au","Department of Human Services"
"medicarelocals.gov.au","Department of Health"
"mentalhealth.gov.au","Department of Health"
"mentalhealthcommission.gov.au","Department of Health"
"metoc.gov.au","RAN Hydrography and Metoc Branch"
"mhpod.gov.au","(VIC) Australian Health Ministers' Advisory Council Secretariat"
"mhs.gov.au","Department of Human Services"
"migration.gov.au","Department of Immigration and Border Protection"
"militarysuper.gov.au","Commonwealth Superannuation Corporation"
"mincos.gov.au","Department of Agriculture"
"mindhealthconnect.gov.au","National Health Call Centre Network Ltd"
"ministerjustice.gov.au","Attroney-General's Department"
"missingpersons.gov.au","Australian Federal Police"
"mission.gov.au","Department of Foreign Affairs and Trade"
"moad.gov.au","Old Parliament House"
"moadoph.gov.au","Old Parliament House"
"moneysmart.gov.au","Australian Securities and Investments Commission"
"mpaa.gov.au","Department of Industry and Science"
"mrcs.gov.au","Department of Veterans' Affairs"
"mrt.gov.au","Migration Review Tribunal"
"mrt-rrt.gov.au","Migration Review Tribunal and Refugee Review Tribunal"
"msac.gov.au","Department of Health"
"multiculturalaustralia.gov.au","(NSW) Board of Studies NEW SOUTH WALES"
"my.gov.au","Department of Human Services"
"myagedcare.gov.au","Department of Social Services"
"mychild.gov.au","Department of Social Services"
"mycouncil.gov.au","(SA) Local Government Association of South Australia"
"myfuture.gov.au","Department of Education and Training"
"mygov.gov.au","Department of Human Services"
"myhealthrecord.gov.au","Department of Health"
"myhealthycommunities.gov.au","National Health Performance Authority"
"myhospitals.gov.au","National Health Performance Authority"
"mylanguage.gov.au","(VIC) Vicnet"
"mymaps.gov.au","Department of Communications"
"myregion.gov.au","Department of Infrastructure and Regional Development"
"myskills.gov.au","Department of Industry and Science"
"mysuper.gov.au","Department of the Treasury"
"myuniversity.gov.au","Department of Education and Training"
"naa.gov.au","National Archives of Australia"
"nabers.gov.au","(NSW) Office of Environment and Heritage"
"nal.gov.au","National Acoustic Laboratories"
"nams.gov.au","Department of Agriculture"
"nanotechnology.gov.au","Department of Industry and Science"
"nash.gov.au","National E-Health Transition Authority Ltd"
"natcap.gov.au","National Capital Authority"
"natese.gov.au","Department of Industry and Science"
"nathers.gov.au","Department of Industry and Science"
"nationalbotanicgardens.gov.au","Parks Australia/Director of National Parks"
"nationalcapital.gov.au","National Capital Authority"
"nationaldrugstrategy.gov.au","Department of Health"
"nationalgallery.gov.au","National Gallery of Australia"
"nationalmap.gov.au","Geoscience Australia"
"nationalminesatlas.gov.au","Geoscience Australia"
"nationalsecurity.gov.au","Attorney-General's Department"
"nationalwatermarket.gov.au","Department of the Environment"
"nationalworkersmemorial.gov.au","Department of Employment"
"nationbuilding.gov.au","Department of Infrastructure and Regional Development"
"nationbuildingprogram.gov.au","Department of Infrastructure and Regional Development"
"natsihec.gov.au","Department of Health"
"navy.gov.au","Department of Defence"
"navycadets.gov.au","Department of Defence"
"nba.gov.au","National Blood Authority"
"ncac.gov.au","Australian Children's Education and Care Quality Authority (ACECQA)"
"ncc.gov.au","National Competition Council"
"nccb.gov.au","Australian Building Codes Board"
"ncoa.gov.au","Department of Finance"
"ndir.gov.au","Department of the Treasury"
"ndis.gov.au","National Disability Insurance Agency"
"ndlerf.gov.au","Australian Institute of Criminology"
"ndsp.gov.au","(SA) Department of Primary Industries and Resources"
"neaf.gov.au","National Health and Medical Research Council (NHMRC)"
"necc.gov.au","Department of Human Services"
"necs.gov.au","Land and Property Information"
"nehta.gov.au","National E-Health Transition Authority LTD"
"neii.gov.au","Bureau of Meteorology"
"neo.gov.au","IPS Radio Space Services"
"nepc.gov.au","Department of the Environment"
"newcolomboplan.gov.au","Department of Foreign Affairs and Trade"
"nfsa.gov.au","National Film and Sound Archive of Australia"
"nga.gov.au","National Gallery of Australia"
"nhfa.gov.au","National Health Funding Body"
"nhfb.gov.au","National Health Funding Body"
"nhmrc.gov.au","National Health and Medical Research Council (NHMRC)"
"nhpa.gov.au","Department of Health"
"nhpopc.gov.au","National Health Practitioner Ombudsman and Privacy Commissioner"
"nhvr.gov.au","National Heavy Vehicle Regulator"
"nhwt.gov.au","Department of Health"
"niac.gov.au","Department of the Treasury"
"nicnas.gov.au","Department of Health"
"nics.gov.au","Department of Infrastructure and Regional Development"
"nicta.gov.au","National ICT Australia"
"nio.gov.au","Commonwealth Ombudsman"
"nitac.gov.au",Nitac
"nla.gov.au","National Library of Australia"
"nma.gov.au","National Museum of Australia"
"nmi.gov.au","Department of Industry and Science"
"nnnet.gov.au","Department of Health"
"nntt.gov.au","National Native Title Tribunal"
"noie.gov.au","Department of Finance"
"nopims.gov.au","Geoscience Australia"
"nopsa.gov.au","National Offshore Petroleum Safety and Environmental Management Authority"
"nopsema.gov.au","National Offshore Petroleum Safety and Environmental Management Authority"
"nopta.gov.au","Department of Industry and Science"
"northhead.gov.au","Sydney Harbour Federation Trust"
"notforprofit.gov.au","Department of Social Services"
"npg.gov.au","National Portrait Gallery"
"nphp.gov.au","(VIC) Department of Health & Human Services"
"npi.gov.au","Department of the Environment"
"npsi.gov.au","Cotton Research and Development Corporation"
"nqhomeinsurance.gov.au","Australian Securities and Investments Commission"
"nra.gov.au","Australian Pesticides and Veterinary Medicines Authority"
"nrl.gov.au","National Serology Reference Laboratory"
"nrm.gov.au","Department of the Environment"
"nrscall.gov.au","Telecommunications Universal Service Management Agency"
"nrsch.gov.au","(NSW) Housing NSW"
"nrv.gov.au","National Health and Medical Research Council (NHMRC)"
"nss.gov.au","Australian Bureau of Statistics"
"ntc.gov.au","National Transport Commission"
"nterreview.gov.au","Department of the Prime Minister and Cabinet"
"ntis.gov.au","Department of Industry and Science"
"nursingmidwiferyboard.gov.au","Australian Health Practitioner Regulation Agency (AHPRA)"
"nwc.gov.au","National Water Commission"
"oaic.gov.au","Office of the Australian Information Commissioner"
"obpr.gov.au","Department of the Prime Minister and Cabinet"
"occupationaltherapyboard.gov.au","Australian Health Practitioner Regulation Agency (AHPRA)"
"ochrestreams.gov.au","Department of Health"
"ogtr.gov.au","Department of Health"
"oilforfoodinquiry.gov.au","Department of the Prime Minister and Cabinet"
"oldparliamenthouse.gov.au","Old Parliament House"
"olt.gov.au","Department of Education and Training"
"ombudsman.gov.au","Commonwealth Ombudsman"
"ona.gov.au","Office of National Assessments"
"onsecure.gov.au","Department of Defence"
"opc.gov.au","Office of Parliamentary Counsel"
"oph.gov.au","Old Parliament House"
"optometryboard.gov.au","Australian Health Practitioner Regulation Agency (AHPRA)"
"oratsic.gov.au","Department of the Prime Minister and Cabinet"
"organdonation.gov.au","Department of Human Services"
"organdonor.gov.au","Department of Human Services"
"organisationalresilience.gov.au","Attorney-General's Department"
"oric.gov.au","Department of the Prime Minister and Cabinet"
"oscar.gov.au","Clean Energy Regulator"
"oso.gov.au","Commonwealth Ombudsman"
"osteopathyboard.gov.au","Australian Health Practitioner Regulation Agency (AHPRA)"
"otl.gov.au","Department of the Prime Minister and Cabinet"
"outbreak.gov.au","Department of Agriculture"
"ozcam.gov.au","Australian Museum"
"ozcoasts.gov.au","Geoscience Australia"
"ozfoodnet.gov.au","Department of Health"
"packsomepeaceofmind.gov.au","(VIC) Travel Compensation Fund"
"padil.gov.au","(VIC) Museum Victoria"
"palliativecare.gov.au","Department of Health"
"parksaustralia.gov.au","Director of National Parks"
"parlcom.gov.au","Department of Parliamentary Services"
"parlsecfinance.gov.au","Department of Finance"
"passports.gov.au","Department of Foreign Affairs and Trade"
"patents.gov.au","IP Australia"
"payrolltax.gov.au","(TAS) The Australian State and Territory Revenue Offices"
"pbo.gov.au","Parliamentary Budget Office"
"pbs.gov.au","Department of Health"
"pbsaustralia.gov.au","Department of Human Services"
"pc.gov.au","Productivity Commission"
"pcc.gov.au","Australasian Parliamentary Counsels Committee"
"pcehrreview.gov.au","Department of Health"
"peo.gov.au","Parliamentary Education Office (PEO)"
"petroleum-acreage.gov.au","Department of Industry and Science"
"pharmacyboard.gov.au","Australian Health Practitioner Regulation Agency (AHPRA)"
"phiac.gov.au","Private Health Insurance Administration Council"
"phio.gov.au","Private Health Insurance Ombudsman"
"phm.gov.au","(NSW) Museum of Applied Arts and Sciences"
"physiotherapyboard.gov.au","Australian Health Practitioner Regulation Agency (AHPRA)"
"pictureaustralia.gov.au","National Library of Australia"
"picturethesaurus.gov.au","(NSW) Library Council of New South Wales"
"pio.gov.au","Commonwealth Ombudsman"
"plaid.gov.au","Department of Human Services"
"plantbreeders.gov.au","IP Australia"
"pm.gov.au","Department of the Prime Minister and Cabinet"
"pmc.gov.au","Department of the Prime Minister and Cabinet"
"podiatryboard.gov.au","Australian Health Practitioner Regulation Agency (AHPRA)"
"portrait.gov.au","National Portrait Gallery"
"pppforum.gov.au","Department of Infrastructure and Regional Development"
"ppsr.gov.au","Australian Financial Security Authority"
"printsandprintmaking.gov.au","National Gallery of Australia"
"privacy.gov.au","Office of the Australian Information Commissioner"
"privatehealth.gov.au","Private Health Insurance Ombudsman"
"privatehealthinsurance.gov.au","Private Health Insurance Ombudsman"
"problemgambling.gov.au","Department of Social Services"
"productsafety.gov.au","Australian Competition and Consumer Commission"
"professionalstandardscouncil.gov.au","(NSW) Department of Attorney General & Justice"
"protectivesecurity.gov.au","Attorney-General's Department"
"psb.gov.au","IP Australia"
"psc.gov.au","(NSW) Office of the Professional Standards Councils"
"psmaff.gov.au","Department of Agriculture"
"psmprogram.gov.au","Australian Public Service Commission"
"psr.gov.au","Professional Services Review"
"pss.gov.au","Commonwealth Superannuation Corporation"
"pssap.gov.au","Commonwealth Superannuation Corporation"
"pss-css.gov.au","Commonwealth Superannuation Corporation"
"psychologyboard.gov.au","Australian Health Practitioner Regulation Agency (AHPRA)"
"publichealth.gov.au","(SA) Public Health Information Development Unit"
"publichospitalfunding.gov.au","National Health Funding Body"
"pws.gov.au","Department of Education and Training"
"pzja.gov.au","Australian Fisheries Management Authority"
"qilt.gov.au","Department of Education and Training"
"qrhf.gov.au","Australian Public Service Commission"
"quarantine.gov.au","Department of Agriculture"
"quarantinedomestic.gov.au","(VIC) Department of Primary Industries, Victoria"
"questacon.gov.au","Questacon - The National Science and Technology Centre"
"quitnow.gov.au","Department of Health"
"raaf.gov.au","Department of Defence"
"raafais.gov.au","Royal Australian Air Force - Aeronautical Information Service (RAAF AIS)"
"raafamberleyheritage.gov.au","Department of Defence Royal Australian Air Force RAAF Base Amberley Aviation Heritage Centre"
"radioactivewaste.gov.au","Department of Industry and Science"
"ramint.gov.au","Royal Australian Mint"
"rba.gov.au","Reserve Bank of Australia"
"rda.gov.au","Department of Infrastructure and Regional Development"
"recalls.gov.au","Australian Competition and Consumer Commission"
"reconstructioninspectorate.gov.au","Department of Infrastructure and Regional Development"
"rec-registry.gov.au","Clean Energy Regulator"
"reefed.gov.au","Great Barrier Reef Marine Park Authority"
"reefhq.gov.au","Great Barrier Reef Marine Park Authority"
"regional.gov.au","Department of Infrastructure and Regional Development"
"regionalaustralia.gov.au","Department of Infrastructure and Regional Development"
"regulationtaskforce.gov.au","Productivity Commission"
"relayservice.gov.au","Telecommunications Universal Service Management Agency"
"remtribunal.gov.au","Australian Public Service Commission"
"resilientcommunities.gov.au","Attorney-General's Department"
"resources.gov.au","Department of Industry and Science"
"ret.gov.au","Department of Industry and Science"
"rfcs.gov.au","Department of Agriculture"
"rirdc.gov.au","Rural Industries Research and Development Corporation"
"rma.gov.au","Department of Veterans' Affairs"
"ro.gov.au","Department of Employment"
"roadreform.gov.au","(VIC) VicRoads"
"roadsafety.gov.au","Department of Infrastructure and Regional Development"
"roc.gov.au","Department of the Prime Minister and Cabinet"
"royalcombci.gov.au","Department of the Prime Minister and Cabinet"
"royalcommission.gov.au","Attorney-General's Department"
"rrt.gov.au","Refugee Review Tribunal"
"rsrt.gov.au","Fair Work Commission"
"rtirc.gov.au","Department of Communications"
"ruralhealthaustralia.gov.au","Department of Health"
"ruralwomensaward.gov.au","Rural Industries Research and Development Corporation"
"safetyandquality.gov.au","Department of Health"
"safeworkaustralia.gov.au","Department of Employment"
"sbr.gov.au","Australian Taxation Office"
"sbsch.gov.au","Australian Taxation Office"
"scamwatch.gov.au","Australian Competition and Consumer Commission"
"scec.gov.au","Security Construction & Equipment Committee"
"scer.gov.au","Department of Industry and Science"
"scew.gov.au","Department of the Environment"
"science.gov.au","Department of Industry and Science"
"sclj.gov.au","(NSW) Standing Council on Law and Justice"
"scoti.gov.au","Department of Infrastructure and Regional Development"
"screenaustralia.gov.au","Screen Australia"
"screensound.gov.au","National Film and Sound Archive of Australia"
"sct.gov.au","Superannuation Complaints Tribunal"
"sea1000.gov.au","Defence Materiel Organisation"
"seacare.gov.au","Comcare, the Safety, Rehabilitation and Compensation Commission, and the Seafarers' Safety, Rehabilitation and Compensation Authority"
"seafood.gov.au","Fisheries Research and Development Corporation"
"senate.gov.au","Department of the Senate"
"seniors.gov.au","Department of Social Services"
"shamcontractinginquiry.gov.au","Department of Employment"
"shapeup.gov.au","Department of Health"
"ska.gov.au","Department of Industry and Science"
"skilledmigrant.gov.au","Department of Employment"
"skills.gov.au","Department of Education and Training"
"skillsaustralia.gov.au","Department of Industry and Science"
"skillsconnect.gov.au","Department of Industry and Science"
"skillselect.gov.au","Department of Employment"
"skillsinfo.gov.au","Department of Employment"
"smallbusiness.gov.au","Department of Industry and Science"
"smartraveler.gov.au","Department of Foreign Affairs and Trade"
"smartraveller.gov.au","Department of Foreign Affairs and Trade"
"smartstart.gov.au","IP Australia"
"smarttraveler.gov.au","Department of Foreign Affairs and Trade"
"smarttraveller.gov.au","Department of Foreign Affairs and Trade"
"smos.gov.au","Department of Finance"
"smrc.gov.au","Department of Veterans' Affairs"
"snapperisland.gov.au","Sydney Harbour Federation Trust"
"somethingincommon.gov.au","Australian Human Rights Commission"
"space.gov.au","Department of Industry and Science"
"spaceweather.gov.au","IPS Radio Space Services"
"spatial.gov.au","Department of Communications"
"spiritofanzac.gov.au","Australian War Memorial"
"sport.gov.au","Department of Health"
"sportingschools.gov.au","Australian Sports Commission"
"srcc.gov.au",Comcare
"ssat.gov.au","Social Security Appeals Tribunal"
"ssc.gov.au","Department of Education and Training"
"startingblocks.gov.au","Australian Children's Education and Care Quality Authority (ACECQA)"
"stateguarantee.gov.au","Reserve Bank of Australia"
"statesrevenue.gov.au","(VIC) State Revenue Office, Victoria"
"statistics.gov.au","Australian Bureau of Statistics"
"staysmartonline.gov.au","Department of Communications"
"studentsfirst.gov.au","Department of Education and Training"
"studyassist.gov.au","Department of Education and Training"
"studyinaustralia.gov.au","Australian Trade Commission (Austrade)"
"studyoverseas.gov.au","Department of Education and Training"
"superannuationcomplaintstribunal.gov.au","Superannuation Complaints Tribunal"
"superfundlookup.gov.au","Department of Industry and Science"
"supersystemreview.gov.au","Department of the Treasury"
"supportingworkingparents.gov.au","Australian Human Rights Commission"
"surefastener.gov.au","Commonwealth Scientific and Industrial Research Organisation (CSIRO)"
"swa.gov.au","Department of Employment"
"swapit.gov.au","Department of Health"
"t4.gov.au","T4 Protective Security"
"tacklingbingedrinking.gov.au","Department of Health"
"takeastandtogether.gov.au","(QLD) Department of Education and Training"
"takeovers.gov.au","Department of the Treasury"
"tapaf.gov.au","Australian Trade Commission (Austrade)"
"tasmaniahealthcommission.gov.au","Department of Health"
"taxboard.gov.au","Department of the Treasury"
"taxmatters.gov.au","Australian Taxation Office"
"taxsuperandyou.gov.au","Australian Taxation Office"
"taxwriteoff.gov.au","Department of the Treasury"
"tca.gov.au","Transport Certification Australia Limited"
"teachlearnshare.gov.au","Department of Education and Training"
"telepresence.gov.au","Department of Finance"
"telework.gov.au","Department of Communications"
"tellmesomethingidontknow.gov.au","Australian Human Rights Commission"
"tenders.gov.au","Department of Finance"
"teqsa.gov.au","Productivity Commission"
"testagdaff.gov.au","Department of Agriculture"
"tga.gov.au","Department of Health"
"theline.gov.au","Department of Social Services"
"therightmix.gov.au","Department of Veterans' Affairs"
"ties.gov.au","Department of the Treasury"
"tisn.gov.au","Attorney-General's Department"
"tisnational.gov.au","Department of Immigration and Border Protection"
"tlr.gov.au","TLR Group"
"tmro.gov.au","Trade Measures Review Office"
"toiletmap.gov.au","Department of Social Services"
"touchbase.gov.au","Department of Veterans' Affairs"
"tourism.gov.au","Australian Trade Commission (Austrade)"
"tourism2020.gov.au","Australian Trade Commission (Austrade)"
"tourismaustralia.gov.au","Tourism Australia"
"tourismdotcom.gov.au","Australian Trade Commission (Austrade)"
"tpa.gov.au","Therapeutic Goods Administration"
"tpb.gov.au","Australian Taxation Office"
"tps.gov.au","Department of Education and Training"
"tra.gov.au","Australian Trade Commission (Austrade)"
"trackmi.gov.au","(NT) Department of Health - National Critical Care and Trauma Response Centre"
"trade.gov.au","Australian Trade Commission (Austrade)"
"trademarks.gov.au","IP Australia"
"trade-marks.gov.au","IP Australia"
"trademinister.gov.au","Department of Foreign Affairs and Trade"
"tradesrecognitionaustralia.gov.au","Department of Industry and Science"
"tradeunioncorruptionroyalcommission.gov.au","Attorney-General's Department"
"tradeunionroyalcommission.gov.au","Attorney-General's Department"
"training.gov.au","Department of Education and Training"
"transportinfrastructurecouncil.gov.au","Department of Infrastructure and Regional Development"
"travelsmart.gov.au","Department of the Environment"
"treasurer.gov.au","Department of the Treasury"
"treasury.gov.au","Department of the Treasury"
"triplezero.gov.au","Attorney-General's Department"
"truckbuyersguide.gov.au","Department of Infrastructure and Regional Development"
"tspace.gov.au","Department of the Treasury"
"tsra.gov.au","Torres Strait Regional Authority"
"turc.gov.au","Attorney-General's Department"
"tusma.gov.au","Department of Communications"
"understandingmoney.gov.au","Australian Securities and Investments Commission"
"usi.gov.au","Department of Industry and Science"
"vad.gov.au","Department of Defence"
"vanguard.gov.au","Department of Industry and Science"
"vietnamroll.gov.au","Department of Veterans' Affairs"
"visa.gov.au","Department of Immigration and Border Protection"
"vrb.gov.au","Department of Veterans' Affairs"
"vvcs.gov.au","Department of Veterans' Affairs"
"water.gov.au","National Water Commission"
"waterrating.gov.au","Department of the Environment"
"wbacc.gov.au","Wreck Bay Aboriginal Community Council"
"weather.gov.au","Bureau of Meteorology"
"webguide.gov.au","Department of Finance"
"weeds.gov.au","Department of the Environment"
"westernsydneyairport.gov.au","Department of Infrastructure and Regional Development"
"wettropics.gov.au","Wet Tropics Management Authority"
"wgea.gov.au","Workplace Gender Equality Agency"
"wigb.gov.au","Australian Trade Commission (Austrade)"
"wineaustralia.gov.au","Australian Wine and Brandy Corporation"
"wirelessmicrophones.gov.au","Australian Communications and Media Authority (ACMA)"
"women.gov.au","Department of the Prime Minister and Cabinet"
"woolwichdock.gov.au","Sydney Harbour Federation Trust"
"workplaceauthority.gov.au","Department of Employment"
"worksforyou.gov.au","Department of Human Services"
"wtma.gov.au","Wet Tropics Management Authority"
"ww1westernfront.gov.au","Department of Veterans' Affairs"
"ww2australia.gov.au","Department of Veterans' Affairs"
"ww2roll.gov.au","Department of Veterans' Affairs"
"www.gov.au","Department of Finance"
"xml.gov.au","Department of Finance and Deregulation"
"yag.gov.au","Department of Communications"
"youngendeavour.gov.au","Young Endeavour Youth Scheme, RAN, Dept. of Defence"
"yourenergysavings.gov.au","Department of Industry and Science"
"yourhealth.gov.au","Department of Health"
"yourhome.gov.au","Department of Industry and Science"
"youth.gov.au","Department of Education and Training"
